<?xml version="1.0" encoding="UTF-8"?>

<io-config xmlns:xsi="http://www.w3.org/2001/XMLSchema-instance"
           xsi:noNamespaceSchemaLocation="definitions/io-config.xsd">
    
    <!-- List of external services for the application. RegExp supported -->
    <services>
        <service name="petstore">
            <end-point host="http://petstore.swagger.wordnik.com" validation="None">
                <path path="/api/pet/15" type="RestJson">
                    <method method="Get"/>
                    <method method="Post"/>
                </path>
            </end-point>
        </service>
        <service name="geonames">
            <end-point host="http://api.geonames.org" validation="None">
                <path path="/postalCodeLookupJSON" type="RestJson">
                    <method method="Get"/>
                </path>
            </end-point>
        </service>
    </services>
    
    <!-- List of external resources for the application. RegExp supported -->
    <resources>
        <resource url="http\:\/\/html5demos\.com\/assets\/(.*)+\.mp4" />
        <resource url="http://www.google.com" />
    </resources>
</io-config>